{
  "epoch": 23,
  "train_loss": 0.07353927606052839,
  "threshold": 0.9878022074699402,
  "best_val_metric_name": "auroc",
  "best_val_metric": 0.999385155906895,
  "auroc": 0.999385155906895,
  "auprc": 0.9995010691375621,
  "f1": 0.9956331877729258,
  "accuracy": 0.9953271028037384,
  "acc": 0.9953271028037384,
  "sensitivity": 0.991304347826087,
  "specificity": 1.0,
  "confusion_matrix": [
    [
      99,
      0
    ],
    [
      1,
      114
    ]
  ],
  "cm": [
    [
      99,
      0
    ],
    [
      1,
      114
    ]
  ]
}