{
  "best_epoch": 5,
  "best_val_metric_name": "auroc",
  "best_val_metric": 0.7174352217830477,
  "best_val_auroc": 0.7174352217830477,
  "threshold": 0.46329620480537415,
  "val": {
    "auroc": 0.7174352217830477,
    "auprc": 0.7528679867629577,
    "f1": 0.7377777777777778,
    "accuracy": 0.7242990654205608,
    "acc": 0.7242990654205608,
    "sensitivity": 0.7217391304347827,
    "specificity": 0.7272727272727273,
    "confusion_matrix": [
      [
        72,
        27
      ],
      [
        32,
        83
      ]
    ],
    "cm": [
      [
        72,
        27
      ],
      [
        32,
        83
      ]
    ]
  },
  "test": {
    "auroc": 0.7630470730900673,
    "auprc": 0.8088914472854142,
    "f1": 0.7706422018348624,
    "accuracy": 0.7663551401869159,
    "acc": 0.7663551401869159,
    "sensitivity": 0.7148936170212766,
    "specificity": 0.8290155440414507,
    "confusion_matrix": [
      [
        160,
        33
      ],
      [
        67,
        168
      ]
    ],
    "cm": [
      [
        160,
        33
      ],
      [
        67,
        168
      ]
    ]
  },
  "training_time_seconds": 243.86777129024267,
  "mean_epoch_time_seconds": 15.241728418157436
}