{
  "best_epoch": 4,
  "best_val_metric_name": "auroc",
  "best_val_metric": 0.9997364953886694,
  "best_val_auroc": 0.9997364953886694,
  "threshold": 0.8434690833091736,
  "val": {
    "auroc": 0.9997364953886694,
    "auprc": 0.9997789240972734,
    "f1": 0.9956331877729258,
    "accuracy": 0.9953271028037384,
    "acc": 0.9953271028037384,
    "sensitivity": 0.991304347826087,
    "specificity": 1.0,
    "confusion_matrix": [
      [
        99,
        0
      ],
      [
        1,
        114
      ]
    ],
    "cm": [
      [
        99,
        0
      ],
      [
        1,
        114
      ]
    ]
  },
  "test": {
    "auroc": 0.9890199536985999,
    "auprc": 0.9918650367546019,
    "f1": 0.9567099567099567,
    "accuracy": 0.9532710280373832,
    "acc": 0.9532710280373832,
    "sensitivity": 0.9404255319148936,
    "specificity": 0.9689119170984456,
    "confusion_matrix": [
      [
        187,
        6
      ],
      [
        14,
        221
      ]
    ],
    "cm": [
      [
        187,
        6
      ],
      [
        14,
        221
      ]
    ]
  },
  "training_time_seconds": 4974.538079109974,
  "mean_epoch_time_seconds": 331.63586332754545
}