{
  "best_epoch": 0,
  "best_val_metric_name": "auroc",
  "best_val_metric": 0.9990338164251208,
  "best_val_auroc": 0.9990338164251208,
  "threshold": 0.9880319833755493,
  "val": {
    "auroc": 0.9990338164251208,
    "auprc": 0.9991896829643644,
    "f1": 0.9868995633187773,
    "accuracy": 0.985981308411215,
    "acc": 0.985981308411215,
    "sensitivity": 0.9826086956521739,
    "specificity": 0.98989898989899,
    "confusion_matrix": [
      [
        98,
        1
      ],
      [
        2,
        113
      ]
    ],
    "cm": [
      [
        98,
        1
      ],
      [
        2,
        113
      ]
    ]
  },
  "test": {
    "auroc": 0.994002866277147,
    "auprc": 0.9955379547398829,
    "f1": 0.9606986899563319,
    "accuracy": 0.9579439252336449,
    "acc": 0.9579439252336449,
    "sensitivity": 0.9361702127659575,
    "specificity": 0.9844559585492227,
    "confusion_matrix": [
      [
        190,
        3
      ],
      [
        15,
        220
      ]
    ],
    "cm": [
      [
        190,
        3
      ],
      [
        15,
        220
      ]
    ]
  },
  "training_time_seconds": 2348.8261947073042,
  "mean_epoch_time_seconds": 213.52964744191956
}