{
  "epoch": 2,
  "train_loss": 0.5930177374082861,
  "threshold": 0.3544137477874756,
  "best_val_metric_name": "auroc",
  "best_val_metric": 0.6512955643390426,
  "auroc": 0.6512955643390426,
  "auprc": 0.6520923098875695,
  "f1": 0.7272727272727273,
  "accuracy": 0.6214953271028038,
  "acc": 0.6214953271028038,
  "sensitivity": 0.9391304347826087,
  "specificity": 0.25252525252525254,
  "confusion_matrix": [
    [
      25,
      74
    ],
    [
      7,
      108
    ]
  ],
  "cm": [
    [
      25,
      74
    ],
    [
      7,
      108
    ]
  ]
}