{
  "best_epoch": 1,
  "best_val_metric_name": "auroc",
  "best_val_metric": 0.8193236714975846,
  "best_val_auroc": 0.8193236714975846,
  "threshold": 0.3621963560581207,
  "val": {
    "auroc": 0.8193236714975846,
    "auprc": 0.796146714740157,
    "f1": 0.8049792531120332,
    "accuracy": 0.780373831775701,
    "acc": 0.780373831775701,
    "sensitivity": 0.8434782608695652,
    "specificity": 0.7070707070707071,
    "confusion_matrix": [
      [
        70,
        29
      ],
      [
        18,
        97
      ]
    ],
    "cm": [
      [
        70,
        29
      ],
      [
        18,
        97
      ]
    ]
  },
  "test": {
    "auroc": 0.8122257744460367,
    "auprc": 0.7935610285164718,
    "f1": 0.8064516129032258,
    "accuracy": 0.7757009345794392,
    "acc": 0.7757009345794392,
    "sensitivity": 0.851063829787234,
    "specificity": 0.6839378238341969,
    "confusion_matrix": [
      [
        132,
        61
      ],
      [
        35,
        200
      ]
    ],
    "cm": [
      [
        132,
        61
      ],
      [
        35,
        200
      ]
    ]
  },
  "training_time_seconds": 160.1669944114983,
  "mean_epoch_time_seconds": 13.347240636590868
}