{
  "best_epoch": 21,
  "best_val_metric_name": "auroc",
  "best_val_metric": 0.9994729907773385,
  "best_val_auroc": 0.9994729907773385,
  "threshold": 0.9863473176956177,
  "val": {
    "auroc": 0.9994729907773385,
    "auprc": 0.9995502026021547,
    "f1": 0.9913793103448276,
    "accuracy": 0.9906542056074766,
    "acc": 0.9906542056074766,
    "sensitivity": 1.0,
    "specificity": 0.9797979797979798,
    "confusion_matrix": [
      [
        97,
        2
      ],
      [
        0,
        115
      ]
    ],
    "cm": [
      [
        97,
        2
      ],
      [
        0,
        115
      ]
    ]
  },
  "test": {
    "auroc": 0.992569727703671,
    "auprc": 0.9948561761954771,
    "f1": 0.9653679653679653,
    "accuracy": 0.9626168224299065,
    "acc": 0.9626168224299065,
    "sensitivity": 0.948936170212766,
    "specificity": 0.9792746113989638,
    "confusion_matrix": [
      [
        189,
        4
      ],
      [
        12,
        223
      ]
    ],
    "cm": [
      [
        189,
        4
      ],
      [
        12,
        223
      ]
    ]
  },
  "training_time_seconds": 133.98683823272586,
  "mean_epoch_time_seconds": 4.1870777838048525
}