{
  "best_epoch": 2,
  "best_val_metric_name": "auroc",
  "best_val_metric": 1.0,
  "best_val_auroc": 1.0,
  "threshold": 0.1388402283191681,
  "val": {
    "auroc": 1.0,
    "auprc": 0.9999999999999999,
    "f1": 1.0,
    "accuracy": 1.0,
    "acc": 1.0,
    "sensitivity": 1.0,
    "specificity": 1.0,
    "confusion_matrix": [
      [
        99,
        0
      ],
      [
        0,
        115
      ]
    ],
    "cm": [
      [
        99,
        0
      ],
      [
        0,
        115
      ]
    ]
  },
  "test": {
    "auroc": 0.9942674457060964,
    "auprc": 0.9957237930403136,
    "f1": 0.9743589743589743,
    "accuracy": 0.9719626168224299,
    "acc": 0.9719626168224299,
    "sensitivity": 0.9702127659574468,
    "specificity": 0.9740932642487047,
    "confusion_matrix": [
      [
        188,
        5
      ],
      [
        7,
        228
      ]
    ],
    "cm": [
      [
        188,
        5
      ],
      [
        7,
        228
      ]
    ]
  },
  "training_time_seconds": 1898.085544463247,
  "mean_epoch_time_seconds": 146.00657222305352
}