{
  "best_epoch": 3,
  "best_val_metric_name": "auroc",
  "best_val_metric": 1.0,
  "best_val_auroc": 1.0,
  "threshold": 0.9436987638473511,
  "val": {
    "auroc": 1.0,
    "auprc": 0.9999999999999998,
    "f1": 1.0,
    "accuracy": 1.0,
    "acc": 1.0,
    "sensitivity": 1.0,
    "specificity": 1.0,
    "confusion_matrix": [
      [
        99,
        0
      ],
      [
        0,
        115
      ]
    ],
    "cm": [
      [
        99,
        0
      ],
      [
        0,
        115
      ]
    ]
  },
  "test": {
    "auroc": 0.9973983022819976,
    "auprc": 0.9979808860838519,
    "f1": 0.9692982456140351,
    "accuracy": 0.9672897196261683,
    "acc": 0.9672897196261683,
    "sensitivity": 0.9404255319148936,
    "specificity": 1.0,
    "confusion_matrix": [
      [
        193,
        0
      ],
      [
        14,
        221
      ]
    ],
    "cm": [
      [
        193,
        0
      ],
      [
        14,
        221
      ]
    ]
  },
  "training_time_seconds": 1654.6420577224344,
  "mean_epoch_time_seconds": 118.18870936314177
}