{
  "epoch": 2,
  "train_loss": 0.11283985282627178,
  "threshold": 0.9818199872970581,
  "best_val_metric_name": "auroc",
  "best_val_metric": 1.0,
  "auroc": 1.0,
  "auprc": 0.9999999999999998,
  "f1": 1.0,
  "accuracy": 1.0,
  "acc": 1.0,
  "sensitivity": 1.0,
  "specificity": 1.0,
  "confusion_matrix": [
    [
      99,
      0
    ],
    [
      0,
      115
    ]
  ],
  "cm": [
    [
      99,
      0
    ],
    [
      0,
      115
    ]
  ]
}