{
  "epoch": 5,
  "train_loss": 0.6128341463751763,
  "threshold": 0.46329620480537415,
  "best_val_metric_name": "auroc",
  "best_val_metric": 0.7174352217830477,
  "auroc": 0.7174352217830477,
  "auprc": 0.7528679867629577,
  "f1": 0.7377777777777778,
  "accuracy": 0.7242990654205608,
  "acc": 0.7242990654205608,
  "sensitivity": 0.7217391304347827,
  "specificity": 0.7272727272727273,
  "confusion_matrix": [
    [
      72,
      27
    ],
    [
      32,
      83
    ]
  ],
  "cm": [
    [
      72,
      27
    ],
    [
      32,
      83
    ]
  ]
}