{
  "epoch": 4,
  "train_loss": 0.11724751762756445,
  "threshold": 0.8434690833091736,
  "best_val_metric_name": "auroc",
  "best_val_metric": 0.9997364953886694,
  "auroc": 0.9997364953886694,
  "auprc": 0.9997789240972734,
  "f1": 0.9956331877729258,
  "accuracy": 0.9953271028037384,
  "acc": 0.9953271028037384,
  "sensitivity": 0.991304347826087,
  "specificity": 1.0,
  "confusion_matrix": [
    [
      99,
      0
    ],
    [
      1,
      114
    ]
  ],
  "cm": [
    [
      99,
      0
    ],
    [
      1,
      114
    ]
  ]
}