{
  "epoch": 36,
  "train_loss": 0.060907898508340066,
  "threshold": 0.9886317849159241,
  "best_val_metric_name": "auroc",
  "best_val_metric": 0.9994729907773386,
  "auroc": 0.9994729907773386,
  "auprc": 0.9995688106360041,
  "f1": 0.9956331877729258,
  "accuracy": 0.9953271028037384,
  "acc": 0.9953271028037384,
  "sensitivity": 0.991304347826087,
  "specificity": 1.0,
  "confusion_matrix": [
    [
      99,
      0
    ],
    [
      1,
      114
    ]
  ],
  "cm": [
    [
      99,
      0
    ],
    [
      1,
      114
    ]
  ]
}