{
  "best_epoch": 36,
  "best_val_metric_name": "auroc",
  "best_val_metric": 0.9994729907773386,
  "best_val_auroc": 0.9994729907773386,
  "threshold": 0.9886317849159241,
  "val": {
    "auroc": 0.9994729907773386,
    "auprc": 0.9995688106360041,
    "f1": 0.9956331877729258,
    "accuracy": 0.9953271028037384,
    "acc": 0.9953271028037384,
    "sensitivity": 0.991304347826087,
    "specificity": 1.0,
    "confusion_matrix": [
      [
        99,
        0
      ],
      [
        1,
        114
      ]
    ],
    "cm": [
      [
        99,
        0
      ],
      [
        1,
        114
      ]
    ]
  },
  "test": {
    "auroc": 0.9927020174181458,
    "auprc": 0.994688405381279,
    "f1": 0.9582417582417583,
    "accuracy": 0.955607476635514,
    "acc": 0.955607476635514,
    "sensitivity": 0.9276595744680851,
    "specificity": 0.9896373056994818,
    "confusion_matrix": [
      [
        191,
        2
      ],
      [
        17,
        218
      ]
    ],
    "cm": [
      [
        191,
        2
      ],
      [
        17,
        218
      ]
    ]
  },
  "training_time_seconds": 152.35855905339122,
  "mean_epoch_time_seconds": 3.2416615413620753
}