{
  "epoch": 0,
  "train_loss": 0.2752483372447487,
  "threshold": 0.9880319833755493,
  "best_val_metric_name": "auroc",
  "best_val_metric": 0.9990338164251208,
  "auroc": 0.9990338164251208,
  "auprc": 0.9991896829643644,
  "f1": 0.9868995633187773,
  "accuracy": 0.985981308411215,
  "acc": 0.985981308411215,
  "sensitivity": 0.9826086956521739,
  "specificity": 0.98989898989899,
  "confusion_matrix": [
    [
      98,
      1
    ],
    [
      2,
      113
    ]
  ],
  "cm": [
    [
      98,
      1
    ],
    [
      2,
      113
    ]
  ]
}