{
  "epoch": 1,
  "train_loss": 0.5747271478176117,
  "threshold": 0.3621963560581207,
  "best_val_metric_name": "auroc",
  "best_val_metric": 0.8193236714975846,
  "auroc": 0.8193236714975846,
  "auprc": 0.796146714740157,
  "f1": 0.8049792531120332,
  "accuracy": 0.780373831775701,
  "acc": 0.780373831775701,
  "sensitivity": 0.8434782608695652,
  "specificity": 0.7070707070707071,
  "confusion_matrix": [
    [
      70,
      29
    ],
    [
      18,
      97
    ]
  ],
  "cm": [
    [
      70,
      29
    ],
    [
      18,
      97
    ]
  ]
}