{
  "epoch": 11,
  "train_loss": 0.1402908494373975,
  "threshold": 0.06946184486150742,
  "auroc": 0.9867248752672844,
  "f1": 0.959349593495935,
  "acc": 0.9532710280373832,
  "cm": [
    [
      86,
      6
    ],
    [
      4,
      118
    ]
  ]
}