{
  "epoch": 24,
  "train_loss": 0.050010212268419216,
  "threshold": 0.025200625881552696,
  "auroc": 0.9988417676407697,
  "f1": 0.9959183673469387,
  "acc": 0.9953271028037384,
  "cm": [
    [
      91,
      1
    ],
    [
      0,
      122
    ]
  ]
}