{
  "best_epoch": 0,
  "best_val_metric_name": "auroc",
  "best_val_metric": 1.0,
  "best_val_auroc": 1.0,
  "threshold": 0.9543445110321045,
  "val": {
    "auroc": 1.0,
    "auprc": 0.9999999999999997,
    "f1": 1.0,
    "accuracy": 1.0,
    "acc": 1.0,
    "sensitivity": 1.0,
    "specificity": 1.0,
    "confusion_matrix": [
      [
        99,
        0
      ],
      [
        0,
        115
      ]
    ],
    "cm": [
      [
        99,
        0
      ],
      [
        0,
        115
      ]
    ]
  },
  "test": {
    "auroc": 0.9894168228420241,
    "auprc": 0.9926178270781508,
    "f1": 0.9568965517241379,
    "accuracy": 0.9532710280373832,
    "acc": 0.9532710280373832,
    "sensitivity": 0.9446808510638298,
    "specificity": 0.9637305699481865,
    "confusion_matrix": [
      [
        186,
        7
      ],
      [
        13,
        222
      ]
    ],
    "cm": [
      [
        186,
        7
      ],
      [
        13,
        222
      ]
    ]
  },
  "training_time_seconds": 3087.3845973862335,
  "mean_epoch_time_seconds": 280.67132068992674
}