{
  "epoch": 2,
  "train_loss": 0.06472923675122887,
  "threshold": 0.9856356382369995,
  "best_val_metric_name": "auroc",
  "best_val_metric": 0.9993851559068951,
  "auroc": 0.9993851559068951,
  "auprc": 0.9994931962692744,
  "f1": 0.991304347826087,
  "accuracy": 0.9906542056074766,
  "acc": 0.9906542056074766,
  "sensitivity": 0.991304347826087,
  "specificity": 0.98989898989899,
  "confusion_matrix": [
    [
      98,
      1
    ],
    [
      1,
      114
    ]
  ],
  "cm": [
    [
      98,
      1
    ],
    [
      1,
      114
    ]
  ]
}