{
  "best_epoch": 2,
  "best_val_metric_name": "auroc",
  "best_val_metric": 0.9993851559068951,
  "best_val_auroc": 0.9993851559068951,
  "threshold": 0.9856356382369995,
  "val": {
    "auroc": 0.9993851559068951,
    "auprc": 0.9994931962692744,
    "f1": 0.991304347826087,
    "accuracy": 0.9906542056074766,
    "acc": 0.9906542056074766,
    "sensitivity": 0.991304347826087,
    "specificity": 0.98989898989899,
    "confusion_matrix": [
      [
        98,
        1
      ],
      [
        1,
        114
      ]
    ],
    "cm": [
      [
        98,
        1
      ],
      [
        1,
        114
      ]
    ]
  },
  "test": {
    "auroc": 0.9971998677102855,
    "auprc": 0.9978361170619692,
    "f1": 0.9764453961456103,
    "accuracy": 0.9742990654205608,
    "acc": 0.9742990654205608,
    "sensitivity": 0.9702127659574468,
    "specificity": 0.9792746113989638,
    "confusion_matrix": [
      [
        189,
        4
      ],
      [
        7,
        228
      ]
    ],
    "cm": [
      [
        189,
        4
      ],
      [
        7,
        228
      ]
    ]
  },
  "training_time_seconds": 6.528355935588479,
  "mean_epoch_time_seconds": 2.1761112983028092
}