{
  "epoch": 21,
  "train_loss": 0.08406087403723625,
  "threshold": 0.9863473176956177,
  "best_val_metric_name": "auroc",
  "best_val_metric": 0.9994729907773385,
  "auroc": 0.9994729907773385,
  "auprc": 0.9995502026021547,
  "f1": 0.9913793103448276,
  "accuracy": 0.9906542056074766,
  "acc": 0.9906542056074766,
  "sensitivity": 1.0,
  "specificity": 0.9797979797979798,
  "confusion_matrix": [
    [
      97,
      2
    ],
    [
      0,
      115
    ]
  ],
  "cm": [
    [
      97,
      2
    ],
    [
      0,
      115
    ]
  ]
}