{
  "best_epoch": 1,
  "best_val_metric_name": "auroc",
  "best_val_metric": 0.9990338164251208,
  "best_val_auroc": 0.9990338164251208,
  "threshold": 0.4849696755409241,
  "val": {
    "auroc": 0.9990338164251208,
    "auprc": 0.9991528787437789,
    "f1": 0.9913793103448276,
    "accuracy": 0.9906542056074766,
    "acc": 0.9906542056074766,
    "sensitivity": 1.0,
    "specificity": 0.9797979797979798,
    "confusion_matrix": [
      [
        97,
        2
      ],
      [
        0,
        115
      ]
    ],
    "cm": [
      [
        97,
        2
      ],
      [
        0,
        115
      ]
    ]
  },
  "test": {
    "auroc": 0.9887994708411421,
    "auprc": 0.9931278341543289,
    "f1": 0.9744680851063829,
    "accuracy": 0.9719626168224299,
    "acc": 0.9719626168224299,
    "sensitivity": 0.9744680851063829,
    "specificity": 0.9689119170984456,
    "confusion_matrix": [
      [
        187,
        6
      ],
      [
        6,
        229
      ]
    ],
    "cm": [
      [
        187,
        6
      ],
      [
        6,
        229
      ]
    ]
  },
  "training_time_seconds": 251.7784007396549,
  "mean_epoch_time_seconds": 20.98152357339859
}