{
  "eval": "clean-baseline",
  "threshold": 0.9367022514343262,
  "test": {
    "auroc": 0.978943887112777,
    "auprc": 0.9839731956507334,
    "f1": 0.9487179487179487,
    "accuracy": 0.9439252336448598,
    "acc": 0.9439252336448598,
    "sensitivity": 0.9446808510638298,
    "specificity": 0.9430051813471503,
    "confusion_matrix": [
      [
        182,
        11
      ],
      [
        13,
        222
      ]
    ],
    "cm": [
      [
        182,
        11
      ],
      [
        13,
        222
      ]
    ]
  }
}