{
  "rows": [
    {
      "noise_type": "clean",
      "snr_db": "clean",
      "metrics": {
        "auroc": 0.978943887112777,
        "auprc": 0.9839731956507334,
        "f1": 0.9487179487179487,
        "accuracy": 0.9439252336448598,
        "acc": 0.9439252336448598,
        "sensitivity": 0.9446808510638298,
        "specificity": 0.9430051813471503,
        "confusion_matrix": [
          [
            182,
            11
          ],
          [
            13,
            222
          ]
        ],
        "cm": [
          [
            182,
            11
          ],
          [
            13,
            222
          ]
        ]
      }
    },
    {
      "noise_type": "em",
      "snr_db": 6.0,
      "metrics": {
        "auroc": 0.9626943005181348,
        "auprc": 0.9644641127446658,
        "f1": 0.8790786948176583,
        "accuracy": 0.852803738317757,
        "acc": 0.852803738317757,
        "sensitivity": 0.9744680851063829,
        "specificity": 0.7046632124352331,
        "confusion_matrix": [
          [
            136,
            57
          ],
          [
            6,
            229
          ]
        ],
        "cm": [
          [
            136,
            57
          ],
          [
            6,
            229
          ]
        ]
      }
    }
  ],
  "threshold": 0.9367022514343262
}