{
  "best_epoch": 43,
  "best_val_metric_name": "auroc",
  "best_val_metric": 0.9987703118137902,
  "best_val_auroc": 0.9987703118137902,
  "threshold": 0.9926659464836121,
  "val": {
    "auroc": 0.9987703118137902,
    "auprc": 0.9989767555118929,
    "f1": 0.986784140969163,
    "accuracy": 0.985981308411215,
    "acc": 0.985981308411215,
    "sensitivity": 0.9739130434782609,
    "specificity": 1.0,
    "confusion_matrix": [
      [
        99,
        0
      ],
      [
        3,
        112
      ]
    ],
    "cm": [
      [
        99,
        0
      ],
      [
        3,
        112
      ]
    ]
  },
  "test": {
    "auroc": 0.9905412854150589,
    "auprc": 0.993164767566831,
    "f1": 0.9419642857142857,
    "accuracy": 0.9392523364485982,
    "acc": 0.9392523364485982,
    "sensitivity": 0.8978723404255319,
    "specificity": 0.9896373056994818,
    "confusion_matrix": [
      [
        191,
        2
      ],
      [
        24,
        211
      ]
    ],
    "cm": [
      [
        191,
        2
      ],
      [
        24,
        211
      ]
    ]
  },
  "training_time_seconds": 142.91130982898176,
  "mean_epoch_time_seconds": 2.858214721046388
}