{
  "epoch": 1,
  "train_loss": 0.11157843745728531,
  "threshold": 0.9188427329063416,
  "best_val_metric_name": "auroc",
  "best_val_metric": 0.9998243302591129,
  "auroc": 0.9998243302591129,
  "auprc": 0.9998494231145295,
  "f1": 0.9956709956709957,
  "accuracy": 0.9953271028037384,
  "acc": 0.9953271028037384,
  "sensitivity": 1.0,
  "specificity": 0.98989898989899,
  "confusion_matrix": [
    [
      98,
      1
    ],
    [
      0,
      115
    ]
  ],
  "cm": [
    [
      98,
      1
    ],
    [
      0,
      115
    ]
  ]
}