{
  "best_epoch": 1,
  "best_val_metric_name": "auroc",
  "best_val_metric": 0.9998243302591129,
  "best_val_auroc": 0.9998243302591129,
  "threshold": 0.9188427329063416,
  "val": {
    "auroc": 0.9998243302591129,
    "auprc": 0.9998494231145295,
    "f1": 0.9956709956709957,
    "accuracy": 0.9953271028037384,
    "acc": 0.9953271028037384,
    "sensitivity": 1.0,
    "specificity": 0.98989898989899,
    "confusion_matrix": [
      [
        98,
        1
      ],
      [
        0,
        115
      ]
    ],
    "cm": [
      [
        98,
        1
      ],
      [
        0,
        115
      ]
    ]
  },
  "test": {
    "auroc": 0.994598169992283,
    "auprc": 0.9959868962333461,
    "f1": 0.9613733905579399,
    "accuracy": 0.9579439252336449,
    "acc": 0.9579439252336449,
    "sensitivity": 0.9531914893617022,
    "specificity": 0.9637305699481865,
    "confusion_matrix": [
      [
        186,
        7
      ],
      [
        11,
        224
      ]
    ],
    "cm": [
      [
        186,
        7
      ],
      [
        11,
        224
      ]
    ]
  },
  "training_time_seconds": 197.15095821209252,
  "mean_epoch_time_seconds": 16.42923344221587
}