{
  "epoch": 2,
  "train_loss": 0.12950051090336454,
  "threshold": 0.720005214214325,
  "best_val_metric_name": "auroc",
  "best_val_metric": 0.9990338164251208,
  "auroc": 0.9990338164251208,
  "auprc": 0.9991695875260667,
  "f1": 0.9871244635193133,
  "accuracy": 0.985981308411215,
  "acc": 0.985981308411215,
  "sensitivity": 1.0,
  "specificity": 0.9696969696969697,
  "confusion_matrix": [
    [
      96,
      3
    ],
    [
      0,
      115
    ]
  ],
  "cm": [
    [
      96,
      3
    ],
    [
      0,
      115
    ]
  ]
}