{
  "best_epoch": 2,
  "best_val_metric_name": "auroc",
  "best_val_metric": 0.9990338164251208,
  "best_val_auroc": 0.9990338164251208,
  "threshold": 0.720005214214325,
  "val": {
    "auroc": 0.9990338164251208,
    "auprc": 0.9991695875260667,
    "f1": 0.9871244635193133,
    "accuracy": 0.985981308411215,
    "acc": 0.985981308411215,
    "sensitivity": 1.0,
    "specificity": 0.9696969696969697,
    "confusion_matrix": [
      [
        96,
        3
      ],
      [
        0,
        115
      ]
    ],
    "cm": [
      [
        96,
        3
      ],
      [
        0,
        115
      ]
    ]
  },
  "test": {
    "auroc": 0.9918200859883144,
    "auprc": 0.9942022004670718,
    "f1": 0.9634408602150538,
    "accuracy": 0.9602803738317757,
    "acc": 0.9602803738317757,
    "sensitivity": 0.9531914893617022,
    "specificity": 0.9689119170984456,
    "confusion_matrix": [
      [
        187,
        6
      ],
      [
        11,
        224
      ]
    ],
    "cm": [
      [
        187,
        6
      ],
      [
        11,
        224
      ]
    ]
  },
  "training_time_seconds": 6.056520260870457,
  "mean_epoch_time_seconds": 2.0187978049119315
}