{
  "best_epoch": 5,
  "best_val_metric_name": "auroc",
  "best_val_metric": 1.0,
  "best_val_auroc": 1.0,
  "threshold": 0.9485069513320923,
  "val": {
    "auroc": 1.0,
    "auprc": 1.0,
    "f1": 1.0,
    "accuracy": 1.0,
    "acc": 1.0,
    "sensitivity": 1.0,
    "specificity": 1.0,
    "confusion_matrix": [
      [
        99,
        0
      ],
      [
        0,
        115
      ]
    ],
    "cm": [
      [
        99,
        0
      ],
      [
        0,
        115
      ]
    ]
  },
  "test": {
    "auroc": 0.9937603351339435,
    "auprc": 0.9950427065096643,
    "f1": 0.9700854700854701,
    "accuracy": 0.9672897196261683,
    "acc": 0.9672897196261683,
    "sensitivity": 0.9659574468085106,
    "specificity": 0.9689119170984456,
    "confusion_matrix": [
      [
        187,
        6
      ],
      [
        8,
        227
      ]
    ],
    "cm": [
      [
        187,
        6
      ],
      [
        8,
        227
      ]
    ]
  },
  "training_time_seconds": 10689.6666890271,
  "mean_epoch_time_seconds": 668.1041581745958
}