{
  "best_epoch": 5,
  "best_val_metric_name": "auroc",
  "best_val_metric": 0.653667105841019,
  "best_val_auroc": 0.653667105841019,
  "threshold": 0.4422481060028076,
  "val": {
    "auroc": 0.653667105841019,
    "auprc": 0.6526071163695824,
    "f1": 0.7147766323024055,
    "accuracy": 0.6121495327102804,
    "acc": 0.6121495327102804,
    "sensitivity": 0.9043478260869565,
    "specificity": 0.2727272727272727,
    "confusion_matrix": [
      [
        27,
        72
      ],
      [
        11,
        104
      ]
    ],
    "cm": [
      [
        27,
        72
      ],
      [
        11,
        104
      ]
    ]
  },
  "test": {
    "auroc": 0.6918311101311874,
    "auprc": 0.7008485831258549,
    "f1": 0.7205623901581723,
    "accuracy": 0.6285046728971962,
    "acc": 0.6285046728971962,
    "sensitivity": 0.8723404255319149,
    "specificity": 0.3316062176165803,
    "confusion_matrix": [
      [
        64,
        129
      ],
      [
        30,
        205
      ]
    ],
    "cm": [
      [
        64,
        129
      ],
      [
        30,
        205
      ]
    ]
  },
  "training_time_seconds": 94.28636739775538,
  "mean_epoch_time_seconds": 5.8928882331820205
}