{
  "epoch": 5,
  "train_loss": 0.0461605448363116,
  "threshold": 0.9210027456283569,
  "best_val_metric_name": "auroc",
  "best_val_metric": 1.0,
  "auroc": 1.0,
  "auprc": 0.9999999999999998,
  "f1": 1.0,
  "accuracy": 1.0,
  "acc": 1.0,
  "sensitivity": 1.0,
  "specificity": 1.0,
  "confusion_matrix": [
    [
      99,
      0
    ],
    [
      0,
      115
    ]
  ],
  "cm": [
    [
      99,
      0
    ],
    [
      0,
      115
    ]
  ]
}