{
  "best_epoch": 5,
  "best_val_metric_name": "auroc",
  "best_val_metric": 1.0,
  "best_val_auroc": 1.0,
  "threshold": 0.9210027456283569,
  "val": {
    "auroc": 1.0,
    "auprc": 0.9999999999999998,
    "f1": 1.0,
    "accuracy": 1.0,
    "acc": 1.0,
    "sensitivity": 1.0,
    "specificity": 1.0,
    "confusion_matrix": [
      [
        99,
        0
      ],
      [
        0,
        115
      ]
    ],
    "cm": [
      [
        99,
        0
      ],
      [
        0,
        115
      ]
    ]
  },
  "test": {
    "auroc": 0.9939367214199096,
    "auprc": 0.9950072870061069,
    "f1": 0.9720430107526882,
    "accuracy": 0.969626168224299,
    "acc": 0.969626168224299,
    "sensitivity": 0.9617021276595744,
    "specificity": 0.9792746113989638,
    "confusion_matrix": [
      [
        189,
        4
      ],
      [
        9,
        226
      ]
    ],
    "cm": [
      [
        189,
        4
      ],
      [
        9,
        226
      ]
    ]
  },
  "training_time_seconds": 2367.666811947711,
  "mean_epoch_time_seconds": 147.97916893457295
}