{
  "epoch": 0,
  "train_loss": 0.34357414810783554,
  "threshold": 0.8382853865623474,
  "best_val_metric_name": "auroc",
  "best_val_metric": 0.9990338164251208,
  "auroc": 0.9990338164251208,
  "auprc": 0.999159130036322,
  "f1": 0.9913793103448276,
  "accuracy": 0.9906542056074766,
  "acc": 0.9906542056074766,
  "sensitivity": 1.0,
  "specificity": 0.9797979797979798,
  "confusion_matrix": [
    [
      97,
      2
    ],
    [
      0,
      115
    ]
  ],
  "cm": [
    [
      97,
      2
    ],
    [
      0,
      115
    ]
  ]
}