{
  "best_epoch": 0,
  "best_val_metric_name": "auroc",
  "best_val_metric": 0.9990338164251208,
  "best_val_auroc": 0.9990338164251208,
  "threshold": 0.8382853865623474,
  "val": {
    "auroc": 0.9990338164251208,
    "auprc": 0.999159130036322,
    "f1": 0.9913793103448276,
    "accuracy": 0.9906542056074766,
    "acc": 0.9906542056074766,
    "sensitivity": 1.0,
    "specificity": 0.9797979797979798,
    "confusion_matrix": [
      [
        97,
        2
      ],
      [
        0,
        115
      ]
    ],
    "cm": [
      [
        97,
        2
      ],
      [
        0,
        115
      ]
    ]
  },
  "test": {
    "auroc": 0.9874545254106493,
    "auprc": 0.9896858818730357,
    "f1": 0.9572649572649573,
    "accuracy": 0.9532710280373832,
    "acc": 0.9532710280373832,
    "sensitivity": 0.9531914893617022,
    "specificity": 0.9533678756476683,
    "confusion_matrix": [
      [
        184,
        9
      ],
      [
        11,
        224
      ]
    ],
    "cm": [
      [
        184,
        9
      ],
      [
        11,
        224
      ]
    ]
  },
  "training_time_seconds": 51.44149099290371,
  "mean_epoch_time_seconds": 4.676488989794796
}