{
  "epoch": 43,
  "train_loss": 0.05291877559908965,
  "threshold": 0.9926659464836121,
  "best_val_metric_name": "auroc",
  "best_val_metric": 0.9987703118137902,
  "auroc": 0.9987703118137902,
  "auprc": 0.9989767555118929,
  "f1": 0.986784140969163,
  "accuracy": 0.985981308411215,
  "acc": 0.985981308411215,
  "sensitivity": 0.9739130434782609,
  "specificity": 1.0,
  "confusion_matrix": [
    [
      99,
      0
    ],
    [
      3,
      112
    ]
  ],
  "cm": [
    [
      99,
      0
    ],
    [
      3,
      112
    ]
  ]
}