{
  "best_epoch": 2,
  "best_val_metric_name": "auroc",
  "best_val_metric": 0.6512955643390426,
  "best_val_auroc": 0.6512955643390426,
  "threshold": 0.3544137477874756,
  "val": {
    "auroc": 0.6512955643390426,
    "auprc": 0.6520923098875695,
    "f1": 0.7272727272727273,
    "accuracy": 0.6214953271028038,
    "acc": 0.6214953271028038,
    "sensitivity": 0.9391304347826087,
    "specificity": 0.25252525252525254,
    "confusion_matrix": [
      [
        25,
        74
      ],
      [
        7,
        108
      ]
    ],
    "cm": [
      [
        25,
        74
      ],
      [
        7,
        108
      ]
    ]
  },
  "test": {
    "auroc": 0.7098445595854923,
    "auprc": 0.7156051194080619,
    "f1": 0.7491408934707904,
    "accuracy": 0.6588785046728972,
    "acc": 0.6588785046728972,
    "sensitivity": 0.9276595744680851,
    "specificity": 0.3316062176165803,
    "confusion_matrix": [
      [
        64,
        129
      ],
      [
        17,
        218
      ]
    ],
    "cm": [
      [
        64,
        129
      ],
      [
        17,
        218
      ]
    ]
  },
  "training_time_seconds": 194.11137902736664,
  "mean_epoch_time_seconds": 14.931633220698972
}