{
  "epoch": 1,
  "train_loss": 0.11447547052155882,
  "threshold": 0.8085826635360718,
  "best_val_metric_name": "auroc",
  "best_val_metric": 0.999385155906895,
  "auroc": 0.999385155906895,
  "auprc": 0.9994815064824949,
  "f1": 0.987012987012987,
  "accuracy": 0.985981308411215,
  "acc": 0.985981308411215,
  "sensitivity": 0.991304347826087,
  "specificity": 0.9797979797979798,
  "confusion_matrix": [
    [
      97,
      2
    ],
    [
      1,
      114
    ]
  ],
  "cm": [
    [
      97,
      2
    ],
    [
      1,
      114
    ]
  ]
}