{
  "best_epoch": 23,
  "best_val_metric_name": "auroc",
  "best_val_metric": 0.999385155906895,
  "best_val_auroc": 0.999385155906895,
  "threshold": 0.9878022074699402,
  "val": {
    "auroc": 0.999385155906895,
    "auprc": 0.9995010691375621,
    "f1": 0.9956331877729258,
    "accuracy": 0.9953271028037384,
    "acc": 0.9953271028037384,
    "sensitivity": 0.991304347826087,
    "specificity": 1.0,
    "confusion_matrix": [
      [
        99,
        0
      ],
      [
        1,
        114
      ]
    ],
    "cm": [
      [
        99,
        0
      ],
      [
        1,
        114
      ]
    ]
  },
  "test": {
    "auroc": 0.9913129754161614,
    "auprc": 0.9943063485411608,
    "f1": 0.9584245076586433,
    "accuracy": 0.955607476635514,
    "acc": 0.955607476635514,
    "sensitivity": 0.9319148936170213,
    "specificity": 0.9844559585492227,
    "confusion_matrix": [
      [
        190,
        3
      ],
      [
        16,
        219
      ]
    ],
    "cm": [
      [
        190,
        3
      ],
      [
        16,
        219
      ]
    ]
  },
  "training_time_seconds": 128.79838840477169,
  "mean_epoch_time_seconds": 3.7881786985980237
}