{
  "best_epoch": 1,
  "best_val_metric_name": "auroc",
  "best_val_metric": 0.999385155906895,
  "best_val_auroc": 0.999385155906895,
  "threshold": 0.8085826635360718,
  "val": {
    "auroc": 0.999385155906895,
    "auprc": 0.9994815064824949,
    "f1": 0.987012987012987,
    "accuracy": 0.985981308411215,
    "acc": 0.985981308411215,
    "sensitivity": 0.991304347826087,
    "specificity": 0.9797979797979798,
    "confusion_matrix": [
      [
        97,
        2
      ],
      [
        1,
        114
      ]
    ],
    "cm": [
      [
        97,
        2
      ],
      [
        1,
        114
      ]
    ]
  },
  "test": {
    "auroc": 0.9905633337008047,
    "auprc": 0.9933524658362828,
    "f1": 0.958963282937365,
    "accuracy": 0.955607476635514,
    "acc": 0.955607476635514,
    "sensitivity": 0.9446808510638298,
    "specificity": 0.9689119170984456,
    "confusion_matrix": [
      [
        187,
        6
      ],
      [
        13,
        222
      ]
    ],
    "cm": [
      [
        187,
        6
      ],
      [
        13,
        222
      ]
    ]
  },
  "training_time_seconds": 177.2956536076963,
  "mean_epoch_time_seconds": 14.774627584343156
}